Date,Mode,Particulars,Deposits,Withdrawals,Balance
# Deposit amount shown is,as on 20-06-2025 ^ Maturity value,is Subject to change due to payment of Tax Deducted at Source (TDS) wherever applicable * Includes accrued interest if any,,,
01-01-2025,,"14,500.00 1,41,828.88",,,
01-01-2025,,"7,500.00 1,27,328.88",,,
01-01-2025,,"1,000.00 1,19,828.88",,,
01-01-2025,,"358.80 1,41,470.08",,,
01-03-2025,,"55.00 98,080.98",,,
01-03-2025,,"40.00 98,635.98",,,
01-03-2025,,"1,427.00 98,675.98",,,
01-03-2025,,"500.00 98,135.98",,,
01-03-2025,,"285.00 1,00,102.98",,,
01-05-2024,,"50.00 2,52,363.71",,,
01-05-2024,,"95.00 2,52,413.71",,,
01-05-2024,,"31,000.00 2,20,363.71",,,
01-05-2024,,"200.00 2,51,363.71",,,
01-05-2024,,"800.00 2,51,563.71",,,
01-05-2024,,"95.00 2,18,584.71",,,
01-05-2024,,"1,684.00 2,18,679.71",,,
01-06-2024,,"1,724.05 81,420.92",,,
01-06-2024,,"1,754.05 83,144.97",,,
01-07-2024,,"460.00 47,073.96",,,
01-07-2024,,"40.00 47,533.96",,,
01-07-2024,,"400.00 47,573.96",,,
01-07-2024,,"90.00 46,983.96",,,
01-08-2024,,"6,000.00 15,954.87",,,
01-09-2024,,"20.00 95,820.54",,,
01-09-2024,,"7,500.00 95,840.54",,,
01-10-2024,,"3,350.00 14,709.88",,,
01-10-2024,,"1,000.00 13,709.88",,,
01-11-2024,,"555.00 1,03,268.81",,,
01-11-2024,,"145.00 1,03,823.81",,,
01-11-2024,,"10,023.21 1,00,498.81",,,
01-11-2024,,"30.00 1,00,468.81",,,
01-11-2024,,"230.00 1,10,522.02",,,
01-11-2024,,"1,650.00 1,10,752.02",,,
01-11-2024,,"3,500.00 1,03,968.81",,,
01-12-2024,,"180.00 84,632.13",,,
01-12-2024,,"80.00 84,552.13",,,
01-12-2024,,"110.00 84,442.13",,,
01-12-2024,,"269.00 84,173.13",,,
01-12-2024,,"335.00 84,812.13",,,
02-01-2025,,"13,500.00 1,26,941.08",,,
02-01-2025,,"1,007.00 1,40,441.08",,,
02-01-2025,,"22.00 1,41,448.08",,,
02-03-2025,,"1,500.00 96,580.98",,,
02-04-2024,,"54,000.00 2,35,676.12",,,
02-04-2024,,"40.00 1,83,119.12",,,
02-04-2024,,"110.00 1,83,009.12",,,
02-04-2024,,"149.00 1,82,860.12",,,
02-04-2024,,"225.00 1,82,635.12",,,
02-04-2024,,"100.00 2,35,576.12",,,
02-04-2024,,"450.00 1,82,185.12",,,
02-04-2024,,"189.00 1,81,676.12",,,
02-04-2024,,"110.00 1,81,865.12",,,
02-04-2024,,"210.00 1,81,975.12",,,
02-05-2024,,"998.00 2,17,026.71",,,
02-05-2024,,"120.00 2,18,244.71",,,
02-05-2024,,"220.00 2,18,024.71",,,
02-05-2024,,"220.00 2,18,364.71",,,
02-07-2024,,"1,300.00 45,683.96",,,
02-07-2024,,"425.00 45,258.96",,,
02-07-2024,,"15.00 45,243.96",,,
02-07-2024,,"160.00 14,083.96",,,
02-07-2024,,"31,000.00 14,243.96",,,
02-09-2024,,"135.00 91,141.54",,,
02-09-2024,,"81,900.00 9,241.54",,,
02-09-2024,,"81,900.00 91,141.54",,,
02-09-2024,,"300.00 90,841.54",,,
02-09-2024,,"30.00 90,811.54",,,
02-09-2024,,"530.00 93,965.54",,,
02-09-2024,,"1,000.00 92,965.54",,,
02-09-2024,,"1,000.00 94,820.54",,,
02-09-2024,,"100.00 92,065.54",,,
02-09-2024,,"83.00 91,982.54",,,
02-09-2024,,"20.00 91,962.54",,,
02-09-2024,,"300.00 91,662.54",,,
02-09-2024,,"300.00 92,165.54",,,
02-09-2024,,"386.00 91,276.54",,,
02-09-2024,,"325.00 94,495.54",,,
02-09-2024,,"500.00 92,465.54",,,
02-10-2024,,"10,050.00 23,759.88",,,
02-10-2024,,"20,029.00 43,788.88",,,
02-10-2024,,"31,000.00 12,788.88",,,
02-10-2024,,29.00 0.00,,,
02-10-2024,,50.00 0.00,,,
02-11-2024,Ltd/430729247298/ICI53eb349f18a24476abcfdc708a,"120.00 1,02,928.81",,,
02-11-2024,,"220.00 1,03,048.81",,,
02-12-2024,,"300.00 82,382.13",,,
02-12-2024,,"19.00 82,682.13",,,
02-12-2024,,"950.00 82,701.13",,,
02-12-2024,CARD,"2.00 83,651.13",,,
02-12-2024,,"520.00 83,653.13",,,
03-01-2025,,"70.00 1,49,337.62",,,
03-01-2025,,"13,500.00 1,49,407.62",,,
03-01-2025,,"833.46 1,35,907.62",,,
03-01-2025,,"60.00 1,36,741.08",,,
03-01-2025,,"5,000.00 1,36,801.08",,,
03-01-2025,,"5,000.00 1,31,801.08",,,
03-01-2025,,"140.00 1,26,801.08",,,
03-01-2025,,"60.00 1,49,277.62",,,
03-01-2025,,"230.00 1,49,047.62",,,
03-02-2025,,"733.95 95,000.94",,,
03-02-2025,,"125.00 93,995.94",,,
03-02-2025,,"880.00 94,120.94",,,
03-03-2025,,"886.00 1,01,468.98",,,
03-03-2025,,"50.00 96,446.98",,,
03-03-2025,,"84.00 96,496.98",,,
03-03-2025,,"130.00 1,01,338.98",,,
03-03-2025,,"92.00 1,02,354.98",,,
03-03-2025,,"6,000.00 1,02,446.98",,,
03-04-2024,,"750.00 2,34,727.12",,,
03-04-2024,,"418.02 2,34,309.10",,,
03-04-2024,,"99.00 2,35,477.12",,,
03-05-2024,,"50,000.00 1,65,966.71",,,
03-05-2024,,"1,000.00 2,15,966.71",,,
03-05-2024,,"60.00 2,16,966.71",,,
03-06-2024,,"870.00 81,840.92",,,
03-06-2024,,"450.00 80,970.92",,,
03-06-2024,,"1,665.36 85,141.64",,,
03-06-2024,,"1,635.36 83,476.28",,,
03-06-2024,CARD,"663.13 84,478.51",,,
03-08-2024,I/421680465502/SBIf4706ccdcfe24717b2561c67ffdd,"10,000.00 25,954.87",,,
03-09-2024,,"205.00 90,306.54",,,
03-09-2024,,"300.00 90,511.54",,,
03-10-2024,,"599.00 9,190.88",,,
03-10-2024,,"2,999.00 9,789.88",,,
03-11-2024,,"640.00 1,01,158.81",,,
03-11-2024,,"450.00 1,01,798.81",,,
03-11-2024,,"50.00 1,02,248.81",,,
03-11-2024,,"30.00 1,02,298.81",,,
03-11-2024,,"450.00 1,02,478.81",,,
03-11-2024,,"80.00 1,01,078.81",,,
03-11-2024,,"150.00 1,02,328.81",,,
03-12-2024,,"730.00 81,652.13",,,
03-12-2024,,"31,000.00 50,652.13",,,
04-01-2025,BANKING,"5,000.00 1,54,047.62",,,
04-01-2025,,"409.90 1,53,637.72",,,
04-02-2025,,"400.00 93,479.94",,,
04-02-2025,,"10.00 93,879.94",,,
04-02-2025,,"106.00 93,889.94",,,
04-03-2025,,"120.00 1,01,218.98",,,
04-03-2025,,"150.00 1,01,068.98",,,
04-04-2024,,"5,000.00 2,39,309.10",,,
04-04-2024,,"120.00 2,39,189.10",,,
04-04-2024,,"60.00 2,38,493.10",,,
04-04-2024,,"60.00 2,38,433.10",,,
04-04-2024,,"100.00 2,39,089.10",,,
04-04-2024,,"536.00 2,38,553.10",,,
04-05-2024,,"44,100.00 1,29,814.71",,,
04-05-2024,,"252.00 85,714.71",,,
04-05-2024,172,"80,000.00 85,966.71",,,
04-06-2024,,"80.00 84,398.51",,,
04-07-2024,,"70.00 13,803.96",,,
04-07-2024,,"170.00 13,873.96",,,
04-07-2024,,"40.00 14,043.96",,,
04-08-2024,,"8,000.00 33,954.87",,,
04-09-2024,,"81,900.00 90,306.54",,,
04-09-2024,,"81,900.00 8,406.54",,,
04-10-2024,,"3,300.00 5,890.88",,,
04-11-2024,,"20.00 1,00,077.99",,,
04-11-2024,,"480.82 1,00,097.99",,,
04-11-2024,,"500.00 1,00,578.81",,,
04-12-2024,,"15,000.00 65,652.13",,,
04-12-2024,BANK/433907426161/ICI4a8d3ca6d38045aa83f6ecc,"1,200.00 64,452.13",,,
04-12-2024,,"100.00 64,268.13",,,
04-12-2024,,"84.00 64,368.13",,,
04-12-2024,,"1,200.00 65,652.13",,,
04-12-2024,,"1,200.00 64,452.13",,,
05-01-2025,,"70.00 1,28,229.72",,,
05-01-2025,,"10.00 1,28,219.72",,,
05-01-2025,,"3,000.00 1,31,219.72",,,
05-01-2025,,"220.00 1,28,299.72",,,
05-01-2025,,"31,000.00 1,28,519.72",,,
05-01-2025,,"170.00 1,52,884.72",,,
05-01-2025,,"99.00 1,53,538.72",,,
05-01-2025,,"120.00 1,53,418.72",,,
05-01-2025,,"220.00 1,52,664.72",,,
05-01-2025,,"7,000.00 1,59,664.72",,,
05-01-2025,,"113.00 1,53,305.72",,,
05-01-2025,,"32.00 1,53,273.72",,,
05-01-2025,,"219.00 1,53,054.72",,,
05-01-2025,,"145.00 1,59,519.72",,,
05-02-2025,,"831.69 92,648.25",,,
05-02-2025,,"103.00 92,545.25",,,
05-02-2025,,"442.54 92,102.71",,,
05-02-2025,,"31,000.00 60,853.71",,,
05-02-2025,,"5,000.00 55,853.71",,,
05-02-2025,,"219.00 91,853.71",,,
05-02-2025,,"30.00 92,072.71",,,
05-03-2025,,"280.00 1,00,568.98",,,
05-03-2025,,"31,000.00 69,188.98",,,
05-03-2025,,"220.00 1,00,848.98",,,
05-03-2025,,"755.00 68,313.98",,,
05-03-2025,,"120.00 69,068.98",,,
05-03-2025,,"80.00 68,233.98",,,
05-03-2025,,"130.00 1,00,438.98",,,
05-03-2025,,"130.00 1,00,308.98",,,
05-03-2025,,"120.00 1,00,188.98",,,
05-04-2024,,"80.00 2,38,353.10",,,
05-04-2024,,"5,000.00 2,33,134.10",,,
05-04-2024,,"219.00 2,38,134.10",,,
05-06-2024,,"44,275.00 1,06,933.73",,,
05-06-2024,,"60.00 1,03,468.73",,,
05-06-2024,,"140.00 1,03,528.73",,,
05-06-2024,,"265.00 1,03,668.73",,,
05-06-2024,,"219.00 62,658.73",,,
05-06-2024,,"2,000.00 1,08,933.73",,,
05-06-2024,,"99.00 84,299.51",,,
05-06-2024,,"20,000.00 1,04,299.51",,,
05-06-2024,,"31,000.00 73,299.51",,,
05-06-2024,,"10,371.78 62,927.73",,,
05-06-2024,,"50.00 62,877.73",,,
05-06-2024,,"5,000.00 1,03,933.73",,,
05-07-2024,,"5,000.00 13,485.96",,,
05-07-2024,,"5,000.00 18,704.96",,,
05-07-2024,,"99.00 13,704.96",,,
05-07-2024,,"219.00 18,485.96",,,
05-08-2024,,"99.00 33,855.87",,,
05-08-2024,,"219.00 33,636.87",,,
05-08-2024,,"5,000.00 28,636.87",,,
05-09-2024,,"10,381.00 48,607.54",,,
05-09-2024,,"5,000.00 43,607.54",,,
05-09-2024,,"99.00 90,207.54",,,
05-09-2024,,"31,000.00 58,988.54",,,
05-09-2024,,"219.00 89,988.54",,,
05-10-2024,,33.00 0.00,,,
05-10-2024,,"5,000.00 20,605.88",,,
05-10-2024,,"20,033.00 25,923.88",,,
05-10-2024,,"99.00 25,824.88",,,
05-10-2024,,"219.00 25,605.88",,,
05-11-2024,,"5,000.00 79,340.49",,,
05-11-2024,,"100.00 79,240.49",,,
05-11-2024,,"100.00 79,140.49",,,
05-11-2024,,"219.00 87,640.49",,,
05-11-2024,,"9,750.00 87,859.49",,,
05-11-2024,,"90.00 97,609.49",,,
05-11-2024,,"1,944.50 97,699.49",,,
05-11-2024,,"335.00 99,643.99",,,
05-11-2024,,"99.00 99,978.99",,,
05-11-2024,,"3,300.00 84,340.49",,,
05-12-2024,,"99.00 64,169.13",,,
05-12-2024,,"300.00 87,595.75",,,
05-12-2024,,"25,000.00 89,169.13",,,
05-12-2024,,"4,000.00 93,169.13",,,
05-12-2024,,"1,000.00 94,169.13",,,
05-12-2024,,"219.00 93,950.13",,,
05-12-2024,,"80.00 93,870.13",,,
05-12-2024,,"125.00 93,080.75",,,
05-12-2024,,"664.38 93,205.75",,,
05-12-2024,,"25.00 87,895.75",,,
05-12-2024,,"5,000.00 87,920.75",,,
05-12-2024,,"160.00 92,920.75",,,
06-01-2025,,"20.00 1,30,054.72",,,
06-01-2025,,"67.00 1,31,152.72",,,
06-01-2025,,"10.00 1,31,142.72",,,
06-01-2025,,"662.00 1,30,480.72",,,
06-01-2025,,"216.00 1,30,264.72",,,
06-01-2025,,"5,000.00 1,24,466.72",,,
06-01-2025,,"294.00 1,29,466.72",,,
06-01-2025,,"252.00 1,29,760.72",,,
06-01-2025,,"150.00 1,30,114.72",,,
06-01-2025,,"40.00 1,30,074.72",,,
06-01-2025,,"42.00 1,30,012.72",,,
06-02-2025,,"3,084.00 52,065.59",,,
06-02-2025,,"19,000.00 71,065.59",,,
06-02-2025,,"35.00 55,649.59",,,
06-02-2025,,"100.00 55,684.59",,,
06-02-2025,,"500.00 55,149.59",,,
06-02-2025,,"285.88 56,139.59",,,
06-02-2025,,"355.00 55,784.59",,,
06-03-2025,,"400.00 67,833.98",,,
06-03-2025,,"200.00 67,633.98",,,
06-04-2024,,"150.00 2,00,585.10",,,
06-04-2024,,"450.00 2,00,735.10",,,
06-04-2024,,"500.00 2,32,634.10",,,
06-04-2024,,"350.00 2,01,185.10",,,
06-04-2024,,"200.00 2,00,205.10",,,
06-04-2024,,"31,000.00 2,01,535.10",,,
06-04-2024,Mandate/appleservices.b/HDFCBANK,"99.00 2,32,535.10",,,
06-04-2024,,"120.00 2,00,405.10",,,
06-04-2024,,"60.00 2,00,525.10",,,
06-05-2024,,"10,000.00 1,39,814.71",,,
06-05-2024,,"219.00 1,38,497.71",,,
06-05-2024,,"999.00 1,38,716.71",,,
06-05-2024,,"1,155.00 1,37,342.71",,,
06-05-2024,,"20.00 1,37,322.71",,,
06-05-2024,,"5.00 1,37,317.71",,,
06-05-2024,,"1,000.00 1,36,317.71",,,
06-05-2024,,"110.00 1,36,207.71",,,
06-05-2024,,"5,000.00 1,31,207.71",,,
06-05-2024,,"99.00 1,39,715.71",,,
06-06-2024,,"765.00 1,02,703.73",,,
06-06-2024,,"99.00 1,02,724.73",,,
06-06-2024,,"78.00 1,02,625.73",,,
06-07-2024,,"20,000.00 30,882.36",,,
06-07-2024,,"2,533.60 10,882.36",,,
06-07-2024,,"70.00 13,415.96",,,
06-08-2024,,"165.00 8,971.87",,,
06-08-2024,,"4,000.00 9,136.87",,,
06-08-2024,,"15,000.00 13,136.87",,,
06-08-2024,,"500.00 28,136.87",,,
06-09-2024,,"2,000.00 45,607.54",,,
06-11-2024,,"64.00 77,626.49",,,
06-11-2024,,"31,000.00 46,626.49",,,
06-11-2024,,"2,324.50 44,301.99",,,
06-11-2024,,"1,450.00 77,690.49",,,
06-11-2024,,"600.00 43,701.99",,,
06-11-2024,,"200.00 43,501.99",,,
06-11-2024,,"50.00 43,451.99",,,
06-12-2024,,"550.00 86,805.75",,,
06-12-2024,,"240.00 87,355.75",,,
07-01-2025,,"459.00 1,24,007.72",,,
07-01-2025,,"150.00 1,23,857.72",,,
07-02-2025,,"658.00 70,077.59",,,
07-02-2025,,"300.00 70,735.59",,,
07-02-2025,,"30.00 71,035.59",,,
07-02-2025,,"365.00 69,712.59",,,
07-05-2024,,"2,000.00 1,33,207.71",,,
07-06-2024,,"1,944.50 1,00,780.23",,,
07-06-2024,,"170.00 1,07,387.53",,,
07-06-2024,,"7,500.00 1,07,557.53",,,
07-06-2024,,"722.70 1,00,057.53",,,
07-07-2024,,"541.00 30,151.36",,,
07-07-2024,,"190.00 30,692.36",,,
07-08-2024,,"200.00 8,771.87",,,
07-08-2024,,"6,064.00 2,707.87",,,
07-08-2024,,"142.00 2,565.87",,,
07-11-2024,,"1,500.00 41,951.99",,,
07-11-2024,,"1,419.00 40,532.99",,,
07-12-2024,,"3.00 83,820.75",,,
07-12-2024,,"347.00 84,013.75",,,
07-12-2024,,"200.00 86,605.75",,,
07-12-2024,,"2,245.00 84,360.75",,,
07-12-2024,,"190.00 83,823.75",,,
08-01-2025,,"161.00 1,23,696.72",,,
08-01-2025,,"3,314.00 1,20,382.72",,,
08-01-2025,,"100.00 1,20,282.72",,,
08-02-2025,,"1,000.00 68,712.59",,,
08-03-2025,,"120.00 67,513.98",,,
08-03-2025,,"30.00 67,443.98",,,
08-03-2025,,"220.00 67,223.98",,,
08-03-2025,,"30.00 67,193.98",,,
08-03-2025,,"40.00 67,473.98",,,
08-04-2024,,"4,825.00 1,94,100.38",,,
08-04-2024,,"248.00 1,93,852.38",,,
08-04-2024,CARD,"1,650.00 1,99,625.38",,,
08-04-2024,,"200.00 1,99,425.38",,,
08-04-2024,,"200.00 1,99,225.38",,,
08-04-2024,,"120.00 1,99,105.38",,,
08-04-2024,,"30.00 1,99,075.38",,,
08-04-2024,,"30.00 1,99,045.38",,,
08-04-2024,,"120.00 1,98,925.38",,,
08-04-2024,,"1,070.28 2,01,275.38",,,
08-05-2024,,"80.00 1,32,457.71",,,
08-05-2024,,"80.00 1,33,077.71",,,
08-05-2024,,"50.00 1,33,157.71",,,
08-05-2024,,"540.00 1,32,537.71",,,
08-06-2024,,"150.00 1,07,237.53",,,
08-06-2024,,"302.19 1,06,935.34",,,
08-06-2024,,"1,790.72 1,08,036.06",,,
08-06-2024,,"100.00 1,06,245.34",,,
08-06-2024,,"590.00 1,06,345.34",,,
08-07-2024,,"300.00 30,501.36",,,
08-07-2024,,"650.00 30,801.36",,,
08-08-2024,,"3,300.00 2,265.87",,,
08-08-2024,,"1,000.00 4,066.87",,,
08-08-2024,,"3,000.00 5,066.87",,,
08-08-2024,,"90.00 3,976.87",,,
08-08-2024,,"3,000.00 5,565.87",,,
08-08-2024,,"199.00 2,066.87",,,
08-10-2024,CARD,"552.16 18,793.72",,,
08-10-2024,,"1,260.00 19,345.88",,,
08-11-2024,,"515.00 39,118.99",,,
08-11-2024,,"760.00 39,633.99",,,
08-11-2024,,"99.00 40,393.99",,,
08-11-2024,,"40.00 40,492.99",,,
08-12-2024,,"520.32 83,290.43",,,
08-12-2024,,"10.00 83,810.75",,,
08-12-2024,,"127.00 82,853.43",,,
08-12-2024,,"310.00 82,980.43",,,
08-12-2024,,"373.00 82,480.43",,,
08-12-2024,,"30.00 82,450.43",,,
08-12-2024,,"4,400.00 78,050.43",,,
09-01-2025,,"40,000.00 1,59,682.72",,,
09-01-2025,,"175.00 1,59,327.72",,,
09-01-2025,,"30.00 1,59,297.72",,,
09-01-2025,,"150.00 1,59,147.72",,,
09-01-2025,,"60.00 1,59,087.72",,,
09-01-2025,,"90.00 1,59,592.72",,,
09-01-2025,,"3,000.00 1,56,087.72",,,
09-01-2025,,"600.00 1,19,682.72",,,
09-01-2025,,"90.00 1,59,502.72",,,
09-02-2025,,"880.00 67,832.59",,,
09-02-2025,,"75.00 67,757.59",,,
09-02-2025,,"390.00 67,367.59",,,
09-02-2025,,"190.00 67,177.59",,,
09-03-2025,,"220.00 66,329.98",,,
09-03-2025,,"105.00 66,549.98",,,
09-03-2025,,"219.00 66,974.98",,,
09-03-2025,,"376.00 65,953.98",,,
09-03-2025,,"320.00 66,654.98",,,
09-04-2024,,"125.00 1,93,727.38",,,
09-05-2024,,"150.00 1,05,860.71",,,
09-05-2024,,"682.69 1,05,178.02",,,
09-05-2024,,"230.00 1,04,948.02",,,
09-05-2024,,"26,447.00 1,06,010.71",,,
09-07-2024,,"4,000.00 34,501.36",,,
09-07-2024,,"18,000.00 52,501.36",,,
09-08-2024,,"250.00 3,726.87",,,
09-08-2024,,"360.00 3,366.87",,,
09-08-2024,,"100.00 3,266.87",,,
09-09-2024,,"70,124.00 1,15,731.54",,,
09-09-2024,,124.00 0.00,,,
09-09-2024,,"81,900.00 33,831.54",,,
09-10-2024,,"357.00 18,436.72",,,
09-10-2024,,"480.00 17,956.72",,,
09-10-2024,,"170.00 17,786.72",,,
09-11-2024,,"115.00 38,300.99",,,
09-11-2024,,"50.00 38,535.99",,,
09-11-2024,,"20.00 38,585.99",,,
09-11-2024,,"70.00 38,605.99",,,
09-11-2024,,"144.00 38,675.99",,,
09-11-2024,,"299.00 38,819.99",,,
09-11-2024,,"90.00 38,415.99",,,
09-11-2024,,"30.00 38,505.99",,,
09-12-2024,,"409.00 76,441.43",,,
09-12-2024,,"600.00 75,777.43",,,
09-12-2024,,"1,000.00 74,777.43",,,
09-12-2024,,"1,577.00 73,200.43",,,
09-12-2024,,"290.00 72,910.43",,,
09-12-2024,,"5.00 72,905.43",,,
09-12-2024,,"1,200.00 76,850.43",,,
09-12-2024,,"64.00 76,377.43",,,
10-01-2025,,"2,000.00 1,50,087.72",,,
10-01-2025,,"1,178.82 1,50,228.48",,,
10-01-2025,,"1,000.00 1,55,087.72",,,
10-01-2025,,"2,000.00 1,53,087.72",,,
10-01-2025,,"5,000.00 1,51,407.30",,,
10-01-2025,,"1,000.00 1,49,087.72",,,
10-01-2025,,"2,000.00 1,47,087.72",,,
10-01-2025,,"130.00 1,46,407.30",,,
10-01-2025,,"332.42 1,46,755.30",,,
10-01-2025,,"60.00 1,46,695.30",,,
10-01-2025,,"158.00 1,46,537.30",,,
10-01-2025,,"1,000.00 1,52,087.72",,,
10-02-2025,,"1,000.00 66,177.59",,,
10-02-2025,,"2,000.00 61,177.59",,,
10-02-2025,,"1,000.00 63,177.59",,,
10-02-2025,,"2,000.00 59,177.59",,,
10-02-2025,,"1,000.00 58,177.59",,,
10-02-2025,,"20,000.00 78,177.59",,,
10-02-2025,,"60.00 77,917.59",,,
10-02-2025,,"24,500.00 1,02,417.59",,,
10-02-2025,,"2,000.00 64,177.59",,,
10-02-2025,,"38.00 1,02,379.59",,,
10-02-2025,,"200.00 77,977.59",,,
10-03-2025,,"1,000.00 58,533.98",,,
10-03-2025,,"2,000.00 63,953.98",,,
10-03-2025,,"1,000.00 62,953.98",,,
10-03-2025,,"2,000.00 56,533.98",,,
10-03-2025,,"2,000.00 60,953.98",,,
10-03-2025,,"90.00 59,533.98",,,
10-03-2025,,"330.00 59,623.98",,,
10-03-2025,,"1,000.00 59,953.98",,,
10-04-2024,,"2,000.00 1,91,727.38",,,
10-04-2024,,"2,000.00 1,89,727.38",,,
10-04-2024,,"2,000.00 1,87,727.38",,,
10-04-2024,,"1,000.00 1,86,727.38",,,
10-05-2024,CARD,"9,189.01 83,115.01",,,
10-05-2024,,"26,450.00 1,09,565.01",,,
10-05-2024,,"1,000.00 1,01,949.02",,,
10-05-2024,,"13,000.00 1,22,565.01",,,
10-05-2024,,"200.00 1,22,365.01",,,
10-05-2024,,"600.00 1,21,765.01",,,
10-05-2024,,"1,499.00 1,20,266.01",,,
10-05-2024,,"145.00 92,304.02",,,
10-05-2024,,"2,500.00 92,449.02",,,
10-05-2024,,"1,000.00 1,02,949.02",,,
10-05-2024,,"999.00 1,03,949.02",,,
10-05-2024,,"2,000.00 99,949.02",,,
10-05-2024,,"1,000.00 98,949.02",,,
10-05-2024,,"2,000.00 96,949.02",,,
10-05-2024,,"2,000.00 94,949.02",,,
10-06-2024,,"650.00 94,244.36",,,
10-06-2024,,"2,653.60 1,05,382.46",,,
10-06-2024,,"969.05 1,04,413.41",,,
10-06-2024,,"969.05 1,03,444.36",,,
10-06-2024,,"50.00 1,03,394.36",,,
10-06-2024,,"2,000.00 1,01,394.36",,,
10-06-2024,,"1,000.00 1,00,394.36",,,
10-06-2024,,"130.00 94,114.36",,,
10-06-2024,,"1,000.00 99,394.36",,,
10-06-2024,,"500.00 94,894.36",,,
10-06-2024,,"2,000.00 95,394.36",,,
10-06-2024,,"2,000.00 97,394.36",,,
10-07-2024,,"2,000.00 46,501.36",,,
10-07-2024,,"1,938.00 48,024.36",,,
10-07-2024,,"1,000.00 45,501.36",,,
10-07-2024,,"120.00 46,306.36",,,
10-07-2024,,"3,000.00 46,461.36",,,
10-07-2024,,"220.00 46,086.36",,,
10-07-2024,,"40,000.00 43,501.36",,,
10-07-2024,,"40,000.00 83,501.36",,,
10-07-2024,,"2,000.00 43,501.36",,,
10-07-2024,,"2,000.00 50,501.36",,,
10-07-2024,,"1,000.00 49,501.36",,,
10-07-2024,,"1,000.00 48,501.36",,,
10-07-2024,,"40.00 43,461.36",,,
10-07-2024,,"35.00 46,426.36",,,
10-08-2024,,"140.00 2,203.27",,,
10-08-2024,,"923.60 2,343.27",,,
10-09-2024,,"2,000.00 25,831.54",,,
10-09-2024,,"1,000.00 32,831.54",,,
10-09-2024,,"2,000.00 30,831.54",,,
10-09-2024,,"1,000.00 29,831.54",,,
10-09-2024,,"2,000.00 27,831.54",,,
10-09-2024,,"1,000.00 24,831.54",,,
10-09-2024,CARD,"167.03 1,06,564.51",,,
10-09-2024,,"81,900.00 1,06,731.54",,,
10-10-2024,,"1,000.00 16,786.72",,,
10-10-2024,,"400.00 8,386.72",,,
10-10-2024,,"2,000.00 8,786.72",,,
10-10-2024,,"1,000.00 10,786.72",,,
10-10-2024,,"2,000.00 14,786.72",,,
10-10-2024,,"1,000.00 11,786.72",,,
10-10-2024,,"2,000.00 12,786.72",,,
10-11-2024,,"130.00 38,095.99",,,
10-11-2024,,"98.00 37,997.99",,,
10-11-2024,,"800.00 37,197.99",,,
10-11-2024,,"256.00 36,941.99",,,
10-11-2024,,"75.00 38,225.99",,,
10-12-2024,BANKING,"14,000.00 74,350.23",,,
10-12-2024,,"150.00 60,515.23",,,
10-12-2024,,"1,000.00 71,905.43",,,
10-12-2024,,"2,000.00 69,905.43",,,
10-12-2024,,"2,000.00 67,905.43",,,
10-12-2024,,"35.00 60,665.23",,,
10-12-2024,,"1,299.00 60,700.23",,,
10-12-2024,LTD/471159648564/GKZTQF445Z7Z6ZGENKIVTA72,"1,803.20 61,999.23",,,
10-12-2024,,"53.00 63,802.43",,,
10-12-2024,,"50.00 63,855.43",,,
10-12-2024,,"2,000.00 63,905.43",,,
10-12-2024,,"1,000.00 65,905.43",,,
10-12-2024,,"1,000.00 66,905.43",,,
10-12-2024,,"165.00 60,350.23",,,
11-01-2025,,"30.00 1,50,198.48",,,
11-01-2025,,"1,008.00 1,48,300.48",,,
11-01-2025,,"820.00 1,49,308.48",,,
11-01-2025,,"168.00 1,48,132.48",,,
11-01-2025,,"195.00 1,47,862.48",,,
11-01-2025,,"10.00 1,48,057.48",,,
11-01-2025,,"45.00 1,48,067.48",,,
11-01-2025,,"20.00 1,48,112.48",,,
11-01-2025,,90.00 0.00,,,
11-01-2025,,"70.00 1,50,128.48",,,
11-02-2025,,"211.18 1,01,291.95",,,
11-02-2025,,"1,178.82 1,01,080.77",,,
11-02-2025,,"120.00 1,02,259.59",,,
11-02-2025,,90.00 0.00,,,
11-03-2025,,"20.00 51,874.96",,,
11-03-2025,,"450.00 91,055.96",,,
11-03-2025,,"400.00 56,133.98",,,
11-03-2025,,"50.00 82,064.96",,,
11-03-2025,,"941.00 82,114.96",,,
11-03-2025,,"8,000.00 83,055.96",,,
11-03-2025,,"369.00 91,505.96",,,
11-03-2025,,"10.00 56,123.98",,,
11-03-2025,,70.00 0.00,,,
11-03-2025,,"1,229.02 51,894.96",,,
11-03-2025,,"3,000.00 53,123.98",,,
11-03-2025,,"40,000.00 91,874.96",,,
11-04-2024,,"20.00 1,86,321.38",,,
11-04-2024,,"120.00 1,85,302.38",,,
11-04-2024,,"899.00 1,85,422.38",,,
11-04-2024,,"70.00 1,86,657.38",,,
11-04-2024,,"316.00 1,86,341.38",,,
11-05-2024,,"270.00 1,19,946.01",,,
11-05-2024,,"50.00 1,20,216.01",,,
11-05-2024,,"95.00 1,19,851.01",,,
11-06-2024,,"99.00 94,015.36",,,
11-06-2024,,"115.00 93,900.36",,,
11-06-2024,,"4,000.00 89,900.36",,,
11-06-2024,,"2,500.00 92,400.36",,,
11-07-2024,,"10,114.81 37,609.55",,,
11-07-2024,,"300.00 47,724.36",,,
11-07-2024,,"20.00 37,589.55",,,
11-07-2024,,"50.00 37,539.55",,,
11-07-2024,,"320.00 37,219.55",,,
11-07-2024,,"28.00 37,191.55",,,
11-07-2024,,"637.20 36,554.35",,,
11-07-2024,,"70.00 36,484.35",,,
11-08-2024,,"58.00 2,040.27",,,
11-08-2024,,"30.00 2,173.27",,,
11-08-2024,,"25.00 2,098.27",,,
11-08-2024,Ltd/459057360232/ICI8e735cdf271a4af09df68523bf,"50.00 2,123.27",,,
11-09-2024,CARD,"568.75 1,05,995.76",,,
11-09-2024,,"70,000.00 35,995.76",,,
11-10-2024,,"180.00 8,206.72",,,
11-10-2024,BANKING,"1,68,165.00 1,76,371.72",,,
11-10-2024,,"170.00 1,76,201.72",,,
11-10-2024,Ltd/465142057911/ICIdf3d90001e144d6689de6e138,"60.00 1,76,141.72",,,
11-10-2024,,"62.78 1,76,078.94",,,
11-10-2024,,86.00 0.00,,,
11-11-2024,,89.00 0.00,,,
11-11-2024,,"1,000.00 29,941.99",,,
11-11-2024,,"1,000.00 32,941.99",,,
11-11-2024,,"240.00 27,641.99",,,
11-11-2024,,"2,000.00 30,941.99",,,
11-11-2024,,"2,000.00 27,941.99",,,
11-11-2024,,"60.00 27,881.99",,,
11-11-2024,,"2,000.00 33,941.99",,,
11-11-2024,,"1,000.00 35,941.99",,,
11-12-2024,,"30.00 74,120.23",,,
11-12-2024,,87.00 0.00,,,
11-12-2024,,"220.00 73,860.23",,,
11-12-2024,,"40.00 74,080.23",,,
11-12-2024,,"200.00 74,150.23",,,
11-12-2024,,"1,499.00 75,359.23",,,
12-01-2025,,"340.00 1,45,774.03",,,
12-01-2025,,"4,945.40 1,42,917.08",,,
12-01-2025,,"1,254.05 1,41,663.03",,,
12-01-2025,,"6,200.00 1,47,863.03",,,
12-01-2025,,"1,569.00 1,46,294.03",,,
12-01-2025,,"180.00 1,46,114.03",,,
12-03-2025,,"35.00 73,850.04",,,
12-03-2025,,"45.00 73,885.04",,,
12-03-2025,,"8,134.92 73,930.04",,,
12-06-2024,,"325.00 93,876.36",,,
12-06-2024,,"1,000.00 94,201.36",,,
12-06-2024,,"110.00 95,201.36",,,
12-06-2024,,"1,765.00 90,635.36",,,
12-06-2024,,"839.00 89,796.36",,,
12-06-2024,,"1,500.00 88,296.36",,,
12-06-2024,,"1,500.00 86,796.36",,,
12-06-2024,,"35.00 86,761.36",,,
12-06-2024,,"1,450.00 85,311.36",,,
12-06-2024,,"10,000.00 95,311.36",,,
12-07-2024,,"1,564.05 34,920.30",,,
12-08-2024,,"900.00 1,140.27",,,
12-08-2024,,"10,000.00 10,870.27",,,
12-08-2024,,200.00 870.27,,,
12-08-2024,,"1,000.00 1,040.27",,,
12-08-2024,,420.00 670.27,,,
12-08-2024,,"50.00 1,090.27",,,
12-08-2024,,"2,000.00 2,040.27",,,
12-08-2024,,"1,000.00 40.27",,,
12-10-2024,,"1,200.00 1,74,878.94",,,
12-11-2024,,"120.00 27,471.99",,,
12-11-2024,,"50.00 27,591.99",,,
12-11-2024,,"17,893.00 9,578.99",,,
12-12-2024,,"90.00 74,819.23",,,
12-12-2024,,"90.00 74,909.23",,,
12-12-2024,,"150.00 75,209.23",,,
12-12-2024,,"210.00 74,999.23",,,
12-12-2024,,"10.00 74,809.23",,,
12-12-2024,,"328.00 74,481.23",,,
13-01-2025,,"352.10 1,45,421.93",,,
13-01-2025,,"1,000.00 1,44,421.93",,,
13-01-2025,,"15,000.00 1,59,421.93",,,
13-02-2025,,"1,000.00 99,141.95",,,
13-02-2025,,"30.00 99,111.95",,,
13-02-2025,,"1,150.00 1,00,141.95",,,
13-03-2025,,"35.00 88,710.04",,,
13-03-2025,,"350.00 1,11,140.04",,,
13-03-2025,,"920.00 1,10,790.04",,,
13-03-2025,,"23,000.00 1,11,710.04",,,
13-03-2025,,"15,000.00 88,850.04",,,
13-03-2025,,"105.00 88,745.04",,,
13-05-2024,,"200.00 1,19,651.01",,,
13-05-2024,,"100.00 1,19,751.01",,,
13-06-2024,,"250.00 93,626.36",,,
13-07-2024,,"2,149.05 32,771.25",,,
13-07-2024,,"2,750.00 35,521.25",,,
13-07-2024,,"330.00 35,191.25",,,
13-07-2024,,"945.36 36,136.61",,,
13-07-2024,,"70.00 36,066.61",,,
13-08-2024,,"39.00 8,366.27",,,
13-08-2024,,"419.00 8,405.27",,,
13-08-2024,,"590.00 8,824.27",,,
13-08-2024,,"590.00 9,414.27",,,
13-08-2024,,"266.00 10,004.27",,,
13-08-2024,,"600.00 10,270.27",,,
13-08-2024,,"110.00 8,256.27",,,
13-10-2024,,"10,046.57 1,64,832.37",,,
13-10-2024,,"280.00 1,64,552.37",,,
13-11-2024,,"28.00 7,597.99",,,
13-11-2024,,"12.00 7,625.99",,,
13-11-2024,,"55.00 7,637.99",,,
13-11-2024,,"484.00 7,692.99",,,
13-11-2024,,"318.00 8,176.99",,,
13-11-2024,,"1,084.00 8,494.99",,,
13-12-2024,,"19,500.00 93,981.23",,,
13-12-2024,,"5,000.00 98,981.23",,,
13-12-2024,,"60.00 98,921.23",,,
14-01-2025,,"180.00 1,59,241.93",,,
14-02-2025,,"350.00 98,761.95",,,
14-02-2025,,"22,000.00 74,361.95",,,
14-02-2025,,"20.00 74,341.95",,,
14-02-2025,,"2,400.00 96,361.95",,,
14-03-2025,,"50.00 1,09,515.04",,,
14-03-2025,,"500.00 1,08,815.04",,,
14-03-2025,,"200.00 1,09,315.04",,,
14-03-2025,,"1,575.00 1,09,565.04",,,
14-05-2024,,"335.00 1,19,236.01",,,
14-05-2024,,"180.00 1,19,571.01",,,
14-06-2024,,"336.00 93,290.36",,,
14-07-2024,,"20.00 35,796.61",,,
14-07-2024,,"250.00 35,816.61",,,
14-08-2024,,"714.00 58,228.29",,,
14-08-2024,,"11,131.62 58,942.29",,,
14-08-2024,,"80,000.00 70,073.91",,,
14-08-2024,,"77,000.00 1,50,073.91",,,
14-08-2024,,"48,500.00 73,073.91",,,
14-08-2024,,"10,092.36 25,163.91",,,
14-08-2024,,"27,000.00 35,256.27",,,
14-08-2024,,"590.00 24,573.91",,,
14-10-2024,,"5,000.00 1,69,552.37",,,
14-10-2024,,"442.92 1,69,109.45",,,
14-11-2024,,"75.00 4,919.45",,,
14-11-2024,,"4,000.00 8,919.45",,,
14-11-2024,,"1,430.00 10,349.45",,,
14-11-2024,,"1,000.00 47,049.45",,,
14-11-2024,,"70.00 48,049.45",,,
14-11-2024,,"140.00 46,909.45",,,
14-11-2024,,"1,805.00 4,994.45",,,
14-11-2024,,"37,800.00 48,149.45",,,
14-11-2024,Ltd/431949801660/ICI80fcfea3dd924b23b3ed57787,"30.00 48,119.45",,,
14-11-2024,,"798.54 6,799.45",,,
14-12-2024,,"2,500.00 95,961.23",,,
14-12-2024,,"625.00 95,336.23",,,
14-12-2024,,"55.00 95,281.23",,,
14-12-2024,,"460.00 98,461.23",,,
15-01-2025,,"125.00 1,58,466.93",,,
15-01-2025,,"650.00 1,58,591.93",,,
15-01-2025,,"150.00 1,58,316.93",,,
15-02-2025,,"15.00 72,762.90",,,
15-02-2025,,"1,564.05 72,777.90",,,
15-03-2025,,"1,010.00 1,07,805.04",,,
15-03-2025,,"60.00 1,07,745.04",,,
15-03-2025,,"10.00 1,07,735.04",,,
15-03-2025,,"27,500.00 79,166.04",,,
15-03-2025,,"130.00 1,06,666.04",,,
15-03-2025,,"2,000.00 1,06,796.04",,,
15-03-2025,,"2,939.00 1,04,796.04",,,
15-04-2024,,"700.00 1,84,602.38",,,
15-04-2024,,"350.00 1,84,952.38",,,
15-04-2024,,"500.00 1,84,452.38",,,
15-04-2024,,"30.00 1,84,422.38",,,
15-04-2024,,"50.00 1,84,372.38",,,
15-05-2024,,"1,000.00 1,18,236.01",,,
15-05-2024,,"240.00 1,17,996.01",,,
15-06-2024,,"780.22 92,510.14",,,
15-07-2024,,"40.00 34,983.61",,,
15-07-2024,,"29.00 34,954.61",,,
15-07-2024,,"190.00 35,606.61",,,
15-07-2024,,"263.00 35,043.61",,,
15-07-2024,,"300.00 35,306.61",,,
15-07-2024,,"20.00 35,023.61",,,
15-08-2024,,"4,000.00 54,228.29",,,
15-08-2024,,"1,354.00 52,614.29",,,
15-08-2024,,"260.00 53,968.29",,,
15-10-2024,,"180.00 1,67,809.62",,,
15-10-2024,,"20.00 1,67,989.62",,,
15-10-2024,,"100.00 1,68,009.62",,,
15-10-2024,Ltd/465551245205/ICI429d3b7a05224b4f950731d30,"1,000.00 1,68,109.62",,,
15-10-2024,,"18.00 1,69,109.62",,,
15-10-2024,,"18.00 1,69,127.62",,,
15-10-2024,,"250.00 1,69,145.62",,,
15-10-2024,,"286.17 1,69,395.62",,,
15-11-2024,,"5.00 46,754.45",,,
15-11-2024,,"4,959.05 41,580.40",,,
15-11-2024,,"170.00 46,539.45",,,
15-11-2024,,"50.00 46,709.45",,,
15-11-2024,,"5.00 46,759.45",,,
15-11-2024,,"60.00 41,520.40",,,
15-11-2024,,"150.00 46,759.45",,,
15-12-2024,,"13,500.00 1,08,581.23",,,
15-12-2024,,"25.00 95,081.23",,,
15-12-2024,,"15.00 95,266.23",,,
15-12-2024,,"160.00 95,106.23",,,
16-01-2025,,"456.00 1,54,372.97",,,
16-01-2025,,"800.00 1,53,916.97",,,
16-01-2025,,"960.00 1,53,116.97",,,
16-01-2025,,"658.71 1,54,076.97",,,
16-01-2025,,"1,193.60 1,54,735.68",,,
16-01-2025,,"1,193.60 1,55,929.28",,,
16-01-2025,,"1,194.05 1,57,122.88",,,
16-02-2025,,"20,000.00 91,480.80",,,
16-02-2025,,"30.00 91,010.80",,,
16-02-2025,,"20.00 91,040.80",,,
16-02-2025,,"969.05 72,404.85",,,
16-02-2025,,"80.00 72,682.90",,,
16-02-2025,,"189.00 72,493.90",,,
16-02-2025,,"880.00 73,373.90",,,
16-02-2025,,"924.05 71,480.80",,,
16-02-2025,,"10.00 91,080.80",,,
16-02-2025,,"390.00 91,090.80",,,
16-02-2025,,"20.00 91,060.80",,,
16-03-2025,,"116.00 78,288.04",,,
16-03-2025,,"252.00 78,404.04",,,
16-03-2025,,"20.00 78,656.04",,,
16-03-2025,,"2,269.00 76,019.04",,,
16-03-2025,,"30.00 79,076.04",,,
16-03-2025,,"60.00 79,106.04",,,
16-03-2025,,"400.00 78,676.04",,,
16-04-2024,,"225.00 2,13,947.38",,,
16-04-2024,,"100.00 1,94,172.38",,,
16-04-2024,,"10,000.00 1,94,372.38",,,
16-04-2024,,"80.00 1,94,292.38",,,
16-04-2024,,"277.00 2,13,670.38",,,
16-04-2024,,"20,000.00 2,14,172.38",,,
16-04-2024,,"20.00 1,94,272.38",,,
16-06-2024,,"2,000.00 90,480.14",,,
16-06-2024,,"3,896.00 86,584.14",,,
16-06-2024,,"664.38 80,704.76",,,
16-06-2024,,"120.00 81,869.14",,,
16-06-2024,,"4,595.00 81,989.14",,,
16-06-2024,,"30.00 92,480.14",,,
16-06-2024,,"500.00 81,369.14",,,
16-07-2024,,"969.05 33,464.27",,,
16-07-2024,,"521.29 34,433.32",,,
16-08-2024,,"60.00 43,604.29",,,
16-08-2024,,"3,000.00 43,664.29",,,
16-08-2024,,"3,000.00 46,664.29",,,
16-08-2024,,"2,000.00 49,664.29",,,
16-08-2024,,"450.00 51,664.29",,,
16-08-2024,,"500.00 52,114.29",,,
16-10-2024,,"180.00 1,97,115.24",,,
16-10-2024,,"320.00 1,97,295.24",,,
16-10-2024,,"1,110.00 1,97,615.24",,,
16-10-2024,,"3,000.00 1,98,725.24",,,
16-10-2024,,"35,000.00 2,02,809.62",,,
16-10-2024,,"664.38 2,02,145.24",,,
16-10-2024,,"240.00 2,01,905.24",,,
16-10-2024,,"180.00 2,01,725.24",,,
16-11-2024,,"3,647.00 37,623.40",,,
16-11-2024,,"4,013.00 33,610.40",,,
16-11-2024,,"50.00 33,560.40",,,
16-11-2024,,"200.00 41,320.40",,,
16-11-2024,,"50.00 41,270.40",,,
16-12-2024,,"150.00 1,16,274.23",,,
16-12-2024,,"140.00 1,16,424.23",,,
16-12-2024,,"17.00 1,16,564.23",,,
16-12-2024,,"4,000.00 1,16,581.23",,,
16-12-2024,,"4,000.00 1,12,581.23",,,
16-12-2024,,"7,000.00 1,23,274.23",,,
17-01-2025,,"5,000.00 1,59,372.97",,,
17-01-2025,,"1,193.60 1,60,566.57",,,
17-01-2025,,"30.00 1,60,536.57",,,
17-01-2025,,"105.00 1,60,431.57",,,
17-02-2025,,"63.00 90,947.80",,,
17-02-2025,,"25.00 90,922.80",,,
17-03-2025,,"120.00 75,899.04",,,
17-03-2025,,"28.00 75,871.04",,,
17-06-2024,,"598.00 79,406.76",,,
17-06-2024,,"550.00 80,004.76",,,
17-06-2024,,"150.00 80,554.76",,,
17-07-2024,,"849.00 31,845.27",,,
17-07-2024,,"412.53 29,982.74",,,
17-07-2024,,"1,450.00 30,395.27",,,
17-07-2024,,"10.00 29,593.77",,,
17-07-2024,,"310.00 32,694.27",,,
17-07-2024,,"378.97 29,603.77",,,
17-07-2024,,"460.00 33,004.27",,,
17-08-2024,,"180.00 43,424.29",,,
17-08-2024,,"360.00 43,244.29",,,
17-08-2024,,"700.00 39,429.79",,,
17-08-2024,,"3,174.50 40,129.79",,,
17-08-2024,,"120.00 43,304.29",,,
17-10-2024,,"750.00 1,96,365.24",,,
17-10-2024,CAM/21861SRY/CASH,"DEP-Other/17-10-24/2482 1,00,000.00 2,88,488.24",,,
17-10-2024,,"60.00 1,95,655.24",,,
17-10-2024,,"40.00 1,95,615.24",,,
17-10-2024,,"6,947.00 1,88,668.24",,,
17-10-2024,,"180.00 1,88,488.24",,,
17-10-2024,,"650.00 1,95,715.24",,,
17-10-2024,CAM/21861SRY/CASH,"DEP-Other/17-10-24/2484 48,000.00 3,36,488.24",,,
17-10-2024,LTD/465708932094/ICIb1473e9815054d939c6074ec,"21,000.00 3,19,988.24",,,
17-10-2024,,"2,00,000.00 1,40,988.24",,,
17-10-2024,,"2,00,000.00 3,40,988.24",,,
17-10-2024,CAM/21861SRY/CASH,"DEP-Other/17-10-24/2486 4,500.00 3,40,988.24",,,
17-10-2024,,"300.00 3,19,688.24",,,
17-11-2024,,"118.00 36,793.37",,,
17-11-2024,,"4,990.00 37,490.37",,,
17-11-2024,,"10.00 32,500.37",,,
17-11-2024,,"1,070.03 32,490.37",,,
17-11-2024,,"579.00 36,911.37",,,
17-12-2024,,"1,000.00 1,20,844.23",,,
17-12-2024,,"30.00 1,21,844.23",,,
17-12-2024,,"600.00 1,21,874.23",,,
17-12-2024,,"70.00 1,21,724.23",,,
17-12-2024,,"1,050.00 1,19,794.23",,,
17-12-2024,,"2,000.00 1,21,794.23",,,
17-12-2024,,"2,000.00 1,21,274.23",,,
17-12-2024,,"3,000.00 1,24,724.23",,,
18-01-2025,,"350.00 1,78,614.32",,,
18-01-2025,,"325.00 1,78,964.32",,,
18-01-2025,,"20,000.00 1,79,289.32",,,
18-01-2025,,"172.25 1,59,289.32",,,
18-01-2025,,"800.00 1,59,461.57",,,
18-01-2025,,"170.00 1,60,261.57",,,
18-02-2025,,"70.00 86,657.70",,,
18-02-2025,,"1,399.00 86,727.70",,,
18-02-2025,,"924.05 88,126.70",,,
18-02-2025,,"969.05 89,050.75",,,
18-02-2025,,"849.00 90,073.80",,,
18-02-2025,,"19.00 90,054.80",,,
18-02-2025,,"35.00 90,019.80",,,
18-03-2025,,"120.00 74,976.04",,,
18-03-2025,,"85.00 75,786.04",,,
18-03-2025,,"180.00 75,606.04",,,
18-03-2025,,"30.00 75,276.04",,,
18-03-2025,,"180.00 75,096.04",,,
18-03-2025,,"200.00 75,306.04",,,
18-03-2025,,"100.00 75,506.04",,,
18-04-2024,,"447.00 2,14,117.38",,,
18-05-2024,,"100.00 1,17,896.01",,,
18-05-2024,,"1,564.05 1,16,331.96",,,
18-06-2024,,"300.00 60,852.76",,,
18-06-2024,,"16,200.00 61,152.76",,,
18-06-2024,,"684.00 77,352.76",,,
18-06-2024,,"480.00 78,036.76",,,
18-06-2024,,"800.00 78,606.76",,,
18-06-2024,,"90.00 78,516.76",,,
18-07-2024,Ltd./456671920405/ICI70f8afca028447ee88651a9b4,"230.00 26,923.77",,,
18-07-2024,,"40.00 27,153.77",,,
18-07-2024,,"100.00 27,193.77",,,
18-07-2024,,"1,800.00 27,293.77",,,
18-07-2024,,"500.00 29,093.77",,,
18-07-2024,,"3,438.00 23,485.77",,,
18-08-2024,,"1,389.05 36,040.74",,,
18-08-2024,,"2,000.00 37,429.79",,,
18-08-2024,,"400.00 31,254.69",,,
18-08-2024,,"4,387.00 31,654.69",,,
18-08-2024,,"1,614.05 34,426.69",,,
18-08-2024,,"1,615.00 36,041.69",,,
18-10-2024,,"160.00 1,19,528.24",,,
18-10-2024,,"500.00 1,20,028.24",,,
18-10-2024,,"2,00,000.00 1,19,688.24",,,
18-10-2024,,"175.00 1,19,768.24",,,
18-10-2024,,"32.00 1,19,736.24",,,
18-10-2024,,"85.00 1,19,943.24",,,
18-10-2024,,"2,00,000.00 3,19,688.24",,,
18-10-2024,,"972.00 1,18,764.24",,,
18-10-2024,,"340.00 1,18,424.24",,,
18-11-2024,,"111.00 36,682.37",,,
18-11-2024,,"100.00 33,804.27",,,
18-11-2024,,"100.00 33,704.27",,,
18-11-2024,,"489.00 33,215.27",,,
18-11-2024,,"1,689.05 33,904.27",,,
18-11-2024,,"1,089.05 35,593.32",,,
18-12-2024,,"120.00 1,24,049.33",,,
18-12-2024,,"479.90 1,24,169.33",,,
18-12-2024,,"75.00 1,24,649.23",,,
19-01-2025,,"1,000.00 1,76,450.72",,,
19-01-2025,,"70.00 1,77,450.72",,,
19-01-2025,,"240.00 1,78,374.32",,,
19-01-2025,,"853.60 1,77,520.72",,,
19-02-2025,,"60.00 86,597.70",,,
19-02-2025,,"50.00 86,547.70",,,
19-02-2025,,"999.00 85,548.70",,,
19-02-2025,,"340.00 85,208.70",,,
19-03-2025,,"153.00 64,432.65",,,
19-03-2025,,"390.00 65,536.04",,,
19-03-2025,,"500.00 65,036.04",,,
19-03-2025,,"450.39 64,585.65",,,
19-03-2025,,"8,850.00 66,126.04",,,
19-03-2025,,"200.00 65,926.04",,,
19-04-2024,,"110.00 2,11,517.38",,,
19-04-2024,,"2,230.00 2,11,887.38",,,
19-04-2024,,"250.00 2,11,637.38",,,
19-04-2024,,"10.00 2,11,627.38",,,
19-06-2024,,"300.00 59,148.76",,,
19-06-2024,,"3,000.00 59,448.76",,,
19-06-2024,,"149.00 56,448.76",,,
19-06-2024,,"65.00 56,597.76",,,
19-06-2024,,"320.00 56,662.76",,,
19-06-2024,,"250.00 55,382.76",,,
19-06-2024,,"5,000.00 55,632.76",,,
19-06-2024,,"220.00 60,632.76",,,
19-06-2024,irctcapp @/Yes,"Bank 579.05 58,569.71",,,
19-06-2024,,"1,600.00 56,982.76",,,
19-07-2024,,"55.00 22,934.77",,,
19-07-2024,,"4,496.00 18,989.77",,,
19-07-2024,,"25.00 22,909.77",,,
19-07-2024,,"4,000.00 22,989.77",,,
19-08-2024,,"410.00 30,780.69",,,
19-08-2024,,"64.00 31,190.69",,,
19-09-2024,,"2,200.00 31,895.76",,,
19-09-2024,,"4,300.00 27,595.76",,,
19-09-2024,,"6,300.00 29,695.76",,,
19-10-2024,,"650.00 1,17,774.24",,,
19-11-2024,,"226.00 32,989.27",,,
19-12-2024,,"240.00 1,22,499.33",,,
19-12-2024,,"903.00 1,23,146.33",,,
19-12-2024,,"407.00 1,22,739.33",,,
20-01-2025,,"63.00 1,76,387.72",,,
20-01-2025,,"968.60 1,75,419.12",,,
20-01-2025,,"540.23 1,70,278.89",,,
20-01-2025,,"4,000.00 1,71,419.12",,,
20-01-2025,,"600.00 1,70,819.12",,,
20-01-2025,,"15,000.00 1,85,278.89",,,
20-02-2025,,"5,000.00 90,208.70",,,
20-03-2025,,"100.00 64,087.65",,,
20-03-2025,,"70.00 64,327.65",,,
20-03-2025,,"35.00 64,397.65",,,
20-03-2025,,"140.00 64,187.65",,,
20-04-2024,,"2,000.00 2,09,517.38",,,
20-04-2024,,"3,300.00 2,06,217.38",,,
20-04-2024,,"755.00 2,05,462.38",,,
20-04-2024,,"10,000.00 2,15,462.38",,,
20-04-2024,,"1,130.72 2,16,293.10",,,
20-04-2024,,"300.00 2,15,162.38",,,
20-05-2024,,"2,590.00 1,13,741.96",,,
20-06-2024,,"100.00 58,160.56",,,
20-06-2024,,"509.15 58,060.56",,,
20-06-2024,,"400.00 57,760.56",,,
20-07-2024,Sapphiro Drcard,"Jfee + GST 2,358.82 20,550.95",,,
20-07-2024,,"2,500.00 22,356.95",,,
20-07-2024,,"379.00 19,856.95",,,
20-07-2024,,"130.00 20,235.95",,,
20-07-2024,,"185.00 20,365.95",,,
20-08-2024,,"1,389.05 29,391.64",,,
20-08-2024,,"1,389.05 28,002.59",,,
20-08-2024,,"1,614.05 26,388.54",,,
20-08-2024,,"835.00 27,223.54",,,
20-09-2024,,"2,500.00 25,095.76",,,
20-10-2024,,"170.00 1,17,434.24",,,
20-10-2024,,"170.00 1,17,604.24",,,
20-11-2024,,"50,000.00 16,724.27",,,
20-11-2024,,"3.00 16,727.27",,,
20-11-2024,,"25.00 32,964.27",,,
20-11-2024,,"469.74 16,227.53",,,
20-11-2024,,"30.00 16,697.27",,,
20-11-2024,,"33,760.00 66,724.27",,,
20-11-2024,,"15.00 16,212.53",,,
20-11-2024,,"125.00 16,087.53",,,
20-12-2024,,"5,000.00 1,43,729.08",,,
20-12-2024,,"149.00 1,38,729.08",,,
20-12-2024,,"600.00 1,38,878.08",,,
20-12-2024,,"70.00 1,38,278.08",,,
20-12-2024,,"691.00 1,38,348.08",,,
20-12-2024,,"16,700.00 1,39,039.08",,,
20-12-2024,BANK/472182288970/ICIf62d02e5cf6343399de9f5b,"68.00 1,22,431.33",,,
20-12-2024,,"92.25 1,22,339.08",,,
21-01-2025,,"67.00 1,90,181.89",,,
21-01-2025,,"50.00 1,90,131.89",,,
21-01-2025,,"30.00 1,90,248.89",,,
21-01-2025,,"15,000.00 2,05,131.89",,,
21-01-2025,,"5,000.00 1,90,278.89",,,
21-01-2025,,"50.00 2,03,381.89",,,
21-01-2025,,"40.00 2,03,341.89",,,
21-01-2025,,"1,700.00 2,03,431.89",,,
21-02-2025,,"1,564.05 86,860.60",,,
21-02-2025,,"300.00 86,560.60",,,
21-02-2025,,"325.00 89,883.70",,,
21-02-2025,,"1,459.05 88,424.65",,,
21-03-2025,,"1,139.00 1,57,789.65",,,
21-03-2025,,"90.00 1,58,928.65",,,
21-03-2025,,"170.00 1,59,118.65",,,
21-03-2025,218625002611,RD clos 21-03-2025 KRISHNA S,,,
21-03-2025,,"95,201.00 1,59,288.65",,,
21-03-2025,,"2,725.00 0.00",,,
21-03-2025,,"100.00 1,59,018.65",,,
21-05-2024,,"999.00 1,11,992.96",,,
21-05-2024,,"120.00 1,05,900.96",,,
21-05-2024,,"720.00 1,06,020.96",,,
21-05-2024,,"1,000.00 1,06,740.96",,,
21-05-2024,,"300.00 1,13,441.96",,,
21-05-2024,,"4,252.00 1,07,740.96",,,
21-05-2024,,"300.00 1,13,141.96",,,
21-05-2024,,"150.00 1,12,991.96",,,
21-06-2024,,"2,250.00 60,010.56",,,
21-06-2024,,"1,500.00 58,510.56",,,
21-06-2024,,"1,000.00 57,510.56",,,
21-07-2024,,"18,000.00 32,382.85",,,
21-07-2024,CARD,"2.00 22,354.95",,,
21-07-2024,,"44.00 14,382.85",,,
21-07-2024,,"5,000.00 14,426.85",,,
21-07-2024,,"150.00 22,204.95",,,
21-07-2024,,"1,389.05 20,815.90",,,
21-07-2024,,"1,389.05 19,426.85",,,
21-08-2024,,"1,300.35 28,523.89",,,
21-08-2024,,"24,000.00 52,523.89",,,
21-10-2024,,"1,000.00 1,16,434.24",,,
21-10-2024,,"180.00 1,08,136.24",,,
21-10-2024,,"8,118.00 1,08,316.24",,,
21-10-2024,,"2,854.50 1,05,281.74",,,
21-10-2024,,"130.00 1,05,151.74",,,
21-10-2024,,"206.50 1,04,945.24",,,
21-11-2024,,"25,000.00 41,087.53",,,
21-11-2024,,"302.00 40,785.53",,,
21-11-2024,,"357.00 40,428.53",,,
21-11-2024,,"70.00 40,358.53",,,
21-11-2024,,"150.00 40,208.53",,,
21-11-2024,,"70.00 40,138.53",,,
21-11-2024,,"130.00 40,008.53",,,
21-11-2024,,"120.00 39,888.53",,,
21-12-2024,BANK/435658566119/ICI802bd8241d5e432697358d,"230.00 1,21,174.08",,,
21-12-2024,,"25,000.00 1,22,404.08",,,
21-12-2024,,"1,000.00 1,21,404.08",,,
21-12-2024,,"4,000.00 1,47,404.08",,,
21-12-2024,,"325.00 1,43,404.08",,,
22-01-2025,,"50.00 2,03,226.89",,,
22-01-2025,,"10.00 2,03,276.89",,,
22-01-2025,,"55.00 2,03,286.89",,,
22-01-2025,,"300.00 2,02,976.89",,,
22-01-2025,,"50.00 2,03,276.89",,,
22-01-2025,,"50.00 2,03,176.89",,,
22-02-2025,,"40.00 84,786.55",,,
22-02-2025,,"170.00 86,390.60",,,
22-02-2025,,"2,800.00 84,832.50",,,
22-02-2025,,"2,754.05 82,032.50",,,
22-02-2025,,"1,564.05 84,826.55",,,
22-03-2025,,"1,00,000.00 57,789.65",,,
22-03-2025,,"150.00 57,639.65",,,
22-03-2025,,"302.00 57,337.65",,,
22-03-2025,,"400.00 56,937.65",,,
22-03-2025,,"1.00 56,938.65",,,
22-03-2025,"85,000.00","4.75 3 Mths 86,018.00 22-06-2025 1,00,000.00 Registered",,,
22-04-2024,,"260.00 2,53,833.10",,,
22-04-2024,,"37,800.00 2,54,093.10",,,
22-05-2024,,"600.00 1,04,030.96",,,
22-05-2024,,"30.00 1,04,975.96",,,
22-05-2024,,"290.00 1,04,685.96",,,
22-05-2024,,"55.00 1,04,630.96",,,
22-05-2024,,"895.00 1,05,005.96",,,
22-05-2024,,"250.00 1,03,780.96",,,
22-05-2024,,"358.00 1,03,422.96",,,
22-06-2024,,"125.00 54,905.56",,,
22-06-2024,,"1,000.00 56,030.56",,,
22-06-2024,,"300.00 57,210.56",,,
22-06-2024,,"1,000.00 55,030.56",,,
22-06-2024,,"180.00 57,030.56",,,
22-07-2024,,"400.00 39,982.85",,,
22-07-2024,,"550.00 39,432.85",,,
22-07-2024,,"8,000.00 40,382.85",,,
22-07-2024,,"1,389.05 40,821.90",,,
22-08-2024,,"230.00 52,293.89",,,
22-10-2024,,"1,850.00 97,838.24",,,
22-10-2024,,"3,455.00 99,688.24",,,
22-10-2024,,"250.00 97,588.24",,,
22-10-2024,,"1,802.00 1,03,143.24",,,
22-10-2024,,"882.00 96,031.24",,,
22-10-2024,,"675.00 96,913.24",,,
22-11-2024,,"100.00 39,763.53",,,
22-11-2024,,"25.00 39,863.53",,,
22-12-2024,,"50.00 1,24,824.08",,,
22-12-2024,,"255.00 1,24,874.08",,,
22-12-2024,,"4,000.00 1,25,174.08",,,
22-12-2024,,"45.00 1,25,129.08",,,
23-01-2025,173,"86,000.00 1,16,976.89",,,
23-01-2025,,"280.00 1,16,696.89",,,
23-01-2025,,"180.00 1,16,516.89",,,
23-01-2025,,"150.00 1,16,366.89",,,
23-02-2025,,"150.00 84,682.50",,,
23-02-2025,,"444.88 84,237.62",,,
23-02-2025,,"15.00 84,222.62",,,
23-02-2025,,"32.00 84,190.62",,,
23-02-2025,,"436.60 85,229.38",,,
23-02-2025,,"1,475.36 85,665.98",,,
23-03-2025,,"50.00 54,827.05",,,
23-03-2025,,"305.00 55,953.65",,,
23-03-2025,,"773.00 54,877.05",,,
23-03-2025,,"275.00 56,258.65",,,
23-03-2025,,"405.00 56,533.65",,,
23-03-2025,,"65.00 55,888.65",,,
23-03-2025,,"238.60 55,650.05",,,
23-04-2024,,"60.00 2,52,469.75",,,
23-04-2024,,"470.00 2,52,864.75",,,
23-04-2024,,"75.00 2,52,789.75",,,
23-04-2024,,"260.00 2,52,529.75",,,
23-04-2024,,"59.00 2,53,334.75",,,
23-04-2024,,"240.35 2,53,592.75",,,
23-04-2024,,"199.00 2,53,393.75",,,
23-05-2024,,"360.00 1,02,962.96",,,
23-05-2024,,"60.00 1,03,322.96",,,
23-05-2024,,"40.00 1,03,382.96",,,
23-05-2024,,"60.00 1,02,852.96",,,
23-05-2024,,"50.00 1,02,912.96",,,
23-06-2024,CARD,"2.00 54,903.56",,,
23-08-2024,/460233055796/ICI7db414e7516a470aa7ad563b2a5,"210.00 52,083.89",,,
23-08-2024,,"100.00 53,307.94",,,
23-08-2024,,"1,389.05 53,407.94",,,
23-08-2024,,"65.00 52,018.89",,,
23-10-2024,,"199.00 94,531.24",,,
23-10-2024,,"302.00 94,730.24",,,
23-10-2024,,"1.00 96,032.24",,,
23-10-2024,,"1,000.00 95,032.24",,,
23-11-2024,,"1,000.00 38,674.28",,,
23-11-2024,,"116.00 38,558.28",,,
23-11-2024,,"75.00 38,483.28",,,
23-11-2024,Ltd/432884950532/ICIc241ca2718cd439ab6b747927,"89.25 39,674.28",,,
23-12-2024,,"55.00 1,20,952.08",,,
23-12-2024,,"60.00 1,20,892.08",,,
23-12-2024,,"4,000.00 1,21,007.08",,,
23-12-2024,,"230.00 1,17,007.08",,,
23-12-2024,,"5,500.00 1,17,237.08",,,
23-12-2024,,"17.00 1,22,737.08",,,
23-12-2024,,"2,070.00 1,22,754.08",,,
24-02-2025,,"50.00 79,658.88",,,
24-02-2025,,"1,103.00 80,506.38",,,
24-02-2025,,"113.00 81,609.38",,,
24-02-2025,,"87.00 81,792.38",,,
24-02-2025,,"100.00 81,879.38",,,
24-02-2025,,"40.00 79,618.88",,,
24-02-2025,,"3,250.00 81,979.38",,,
24-02-2025,,"797.50 79,708.88",,,
24-02-2025,,"70.00 81,722.38",,,
24-03-2025,,"3,278.00 57,999.05",,,
24-03-2025,,"65.00 57,934.05",,,
24-03-2025,,"106.00 54,721.05",,,
24-03-2025,PTY/508356463692/ICI486dbb724e3b45c9b142ae3c,"20.00 53,170.05",,,
24-03-2025,BANKING,"1.00 57,935.05",,,
24-03-2025,,27.00 0.00,,,
24-03-2025,,"30,539.00 53,190.05",,,
24-03-2025,,"35,284.00 22,651.05",,,
24-04-2024,,"60.00 2,54,991.76",,,
24-04-2024,,"3,000.00 2,55,469.75",,,
24-04-2024,BANKING,"1.01 2,55,180.76",,,
24-04-2024,,"50.00 2,55,179.75",,,
24-04-2024,,"200.00 2,55,229.75",,,
24-04-2024,,"40.00 2,55,429.75",,,
24-04-2024,,"19.00 2,55,051.76",,,
24-04-2024,,"110.00 2,55,070.76",,,
24-06-2024,,"475.00 54,428.56",,,
24-06-2024,,"300.00 54,128.56",,,
24-07-2024,,"30.00 40,731.90",,,
24-07-2024,,"60.00 40,761.90",,,
24-07-2024,,"1,300.35 42,032.25",,,
24-08-2024,,"190.00 52,298.94",,,
24-08-2024,,"250.00 53,057.94",,,
24-08-2024,,"219.00 52,838.94",,,
24-08-2024,,"350.00 52,488.94",,,
24-10-2024,,"6,119.00 85,960.54",,,
24-10-2024,,"173.00 83,936.02",,,
24-10-2024,,"1,821.52 84,109.02",,,
24-10-2024,,"50.00 92,079.54",,,
24-10-2024,,"30.00 85,930.54",,,
24-10-2024,,"1,500.00 93,031.24",,,
24-10-2024,,"901.70 92,129.54",,,
24-11-2024,,"1,499.00 36,984.28",,,
24-12-2024,,"7,000.00 1,38,892.08",,,
24-12-2024,,"3,000.00 1,23,892.08",,,
24-12-2024,,"4,000.00 1,42,842.08",,,
24-12-2024,,"8,000.00 1,31,892.08",,,
24-12-2024,LIMITE/435944516955/ICI903206200b524be881fd2b,"50.00 1,38,842.08",,,
25-01-2025,,"200.00 1,16,166.89",,,
25-01-2025,,"100.00 1,15,946.89",,,
25-01-2025,,"120.00 1,16,046.89",,,
25-02-2025,,"6,000.00 83,622.98",,,
25-02-2025,,"40.00 83,582.98",,,
25-02-2025,,"125.00 77,622.98",,,
25-02-2025,,"370.90 77,747.98",,,
25-02-2025,,"1,500.00 78,118.88",,,
25-02-2025,,"200.00 83,782.98",,,
25-02-2025,,"250.00 83,532.98",,,
25-03-2025,"5,000.00","7.25 18 Mths 95,314.00 25-09-2026 5,007.00 Registered",,,
25-03-2025,,"49.00 52,759.05",,,
25-03-2025,,"362.00 52,808.05",,,
25-03-2025,,"5,000.00 62,759.05",,,
25-03-2025,,"35.00 61,786.05",,,
25-03-2025,,"240.00 61,821.05",,,
25-03-2025,,"63.00 62,061.05",,,
25-03-2025,,"201.00 62,124.05",,,
25-03-2025,,"434.00 62,325.05",,,
25-03-2025,,"10.00 61,776.05",,,
25-03-2025,,"15,000.00 67,759.05",,,
25-04-2024,,"371.00 2,54,119.76",,,
25-04-2024,,"60.00 2,54,616.76",,,
25-04-2024,,"315.00 2,54,676.76",,,
25-04-2024,,"126.00 2,54,490.76",,,
25-05-2024,,"135.00 1,02,379.16",,,
25-05-2024,,"286.00 1,02,514.16",,,
25-05-2024,,"52.80 1,02,800.16",,,
25-06-2024,,"8,508.00 35,597.56",,,
25-06-2024,,"9,686.00 44,105.56",,,
25-06-2024,,"337.00 53,791.56",,,
25-07-2024,,"5.00 38,328.75",,,
25-07-2024,,"2,394.50 39,637.75",,,
25-07-2024,,"50.00 38,723.75",,,
25-07-2024,,"230.00 38,493.75",,,
25-07-2024,CARD,"864.00 38,773.75",,,
25-07-2024,,"30.00 38,463.75",,,
25-07-2024,,"10.00 38,453.75",,,
25-07-2024,,"120.00 38,333.75",,,
25-08-2024,,"255.26 51,873.68",,,
25-08-2024,,"130.00 52,128.94",,,
25-08-2024,,"195.00 51,678.68",,,
25-08-2024,,"17.00 51,695.68",,,
25-08-2024,,"40.00 52,258.94",,,
25-09-2024,,"10,000.00 35,095.76",,,
25-09-2024,,"2,208.00 32,585.76",,,
25-09-2024,BANKING,"1.00 32,586.76",,,
25-09-2024,,"302.00 34,793.76",,,
25-10-2024,,"1,914.50 80,570.02",,,
25-10-2024,,"80.00 82,484.52",,,
25-10-2024,,"871.50 82,564.52",,,
25-10-2024,,"500.00 83,436.02",,,
25-11-2024,,"33,000.00 69,655.28",,,
25-11-2024,,"1.00 36,655.28",,,
25-11-2024,,"50.00 36,654.28",,,
25-11-2024,,"280.00 36,704.28",,,
25-12-2024,,"170.00 1,45,967.08",,,
25-12-2024,,"388.00 1,45,101.08",,,
25-12-2024,,"478.00 1,45,489.08",,,
25-12-2024,,"170.00 1,46,172.08",,,
25-12-2024,,"3,500.00 1,46,342.08",,,
25-12-2024,,"35.00 1,46,137.08",,,
26-02-2025,,"300.00 83,182.98",,,
26-02-2025,,"70.00 83,112.98",,,
26-02-2025,,"180.00 82,932.98",,,
26-02-2025,,"50.00 83,482.98",,,
26-03-2025,,"85.00 58,367.05",,,
26-03-2025,,"630.00 57,737.05",,,
26-03-2025,,"3,200.00 58,576.05",,,
26-03-2025,BANK/545129664884/ICI925ebe53d40a42b1bb0f1fa,"124.00 58,452.05",,,
26-03-2025,,"110.00 57,627.05",,,
26-04-2024,,"105.00 2,57,014.76",,,
26-04-2024,,"3,000.00 2,57,119.76",,,
26-04-2024,,"50.00 2,56,454.76",,,
26-04-2024,,"510.00 2,56,504.76",,,
26-06-2024,,"8,508.00 44,105.56",,,
26-06-2024,,"245.00 43,860.56",,,
26-06-2024,,"90.00 43,770.56",,,
26-07-2024,,"664.38 36,815.37",,,
26-07-2024,,"100.00 37,589.75",,,
26-07-2024,,"20.00 37,689.75",,,
26-07-2024,,"614.00 37,709.75",,,
26-07-2024,,"5.00 38,323.75",,,
26-07-2024,,"110.00 37,479.75",,,
26-08-2024,,"302.00 50,581.68",,,
26-08-2024,CARD,"812.00 50,883.68",,,
26-10-2024,,"599.00 49,031.02",,,
26-10-2024,,"30,000.00 50,570.02",,,
26-10-2024,,"130.00 49,630.02",,,
26-10-2024,,"500.00 49,820.02",,,
26-10-2024,,"60.00 49,760.02",,,
26-10-2024,,"250.00 50,320.02",,,
26-11-2024,,"100.00 69,555.28",,,
26-12-2024,,"998.00 1,44,103.08",,,
26-12-2024,,"140.00 1,43,963.08",,,
26-12-2024,,"3,500.00 1,47,463.08",,,
26-12-2024,,"195.00 1,47,268.08",,,
27-01-2025,,"126.00 1,15,775.89",,,
27-01-2025,,"4,854.00 1,10,921.89",,,
27-01-2025,,"9,500.00 1,01,421.89",,,
27-01-2025,,"55.00 1,01,346.89",,,
27-01-2025,,"108.00 1,01,238.89",,,
27-01-2025,,"235.00 1,01,003.89",,,
27-01-2025,,"20.00 1,01,401.89",,,
27-01-2025,,"45.00 1,15,901.89",,,
27-02-2025,,"50.00 82,882.98",,,
27-02-2025,,"55.00 82,827.98",,,
27-03-2025,,"15,650.00 41,977.05",,,
27-03-2025,,"1,300.00 40,677.05",,,
27-03-2025,,"91.96 40,404.01",,,
27-03-2025,,"373.00 40,031.01",,,
27-03-2025,,"365.00 40,312.05",,,
27-03-2025,,"110.00 39,921.01",,,
27-04-2024,,"1,564.05 2,54,890.71",,,
27-04-2024,,"1,000.00 2,55,460.71",,,
27-04-2024,,"1,570.00 2,56,460.71",,,
27-05-2024,,"40.00 1,07,158.16",,,
27-05-2024,,"315.00 1,07,198.16",,,
27-05-2024,,"7,412.00 1,07,513.16",,,
27-05-2024,,"327.00 1,00,101.16",,,
27-05-2024,,"380.00 1,06,778.16",,,
27-05-2024,,"1,031.00 1,00,428.16",,,
27-05-2024,,"160.00 1,01,459.16",,,
27-05-2024,,"254.00 1,00,174.16",,,
27-05-2024,W O OD/bharatpe9077200/Yes,"Bank 710.00 1,01,669.16",,,
27-05-2024,,"254.00 1,00,428.16",,,
27-05-2024,,"50.00 1,01,619.16",,,
27-06-2024,,"516.00 55,458.56",,,
27-06-2024,,"252.00 55,974.56",,,
27-06-2024,,"44.00 56,226.56",,,
27-06-2024,,"12,500.00 56,270.56",,,
27-07-2024,,"100.00 32,067.87",,,
27-07-2024,,"640.00 32,167.87",,,
27-07-2024,,"138.00 33,482.87",,,
27-07-2024,,"675.00 32,807.87",,,
27-07-2024,,"440.00 33,620.87",,,
27-07-2024,,"2,754.50 34,060.87",,,
27-07-2024,,"820.00 31,247.87",,,
27-07-2024,/420986895135/ICI05d816794da145f9b2a7cb718aaa,"85.00 31,162.87",,,
27-08-2024,,"6,064.00 56,645.68",,,
27-09-2024,,"3,350.00 29,236.76",,,
27-09-2024,,"4,401.52 24,835.24",,,
27-10-2024,PTY/430154841182/ICI11aa5c2a052f43e196b383dc,"95.00 48,936.02",,,
27-10-2024,,"27.00 48,909.02",,,
27-10-2024,,"50.00 48,859.02",,,
27-10-2024,,"500.00 48,359.02",,,
27-10-2024,,"20,000.00 68,359.02",,,
27-11-2024,,"130.00 73,433.28",,,
27-11-2024,,"136.00 73,563.28",,,
27-11-2024,,"350.00 74,205.28",,,
27-11-2024,,"240.00 73,725.28",,,
27-11-2024,OVERSEAS/469846261583/ICI1c82d42919d645cb94,"240.00 73,965.28",,,
27-11-2024,,"26.00 73,699.28",,,
27-11-2024,,"5,000.00 74,555.28",,,
27-12-2024,,"820.00 1,52,353.08",,,
27-12-2024,,"28.00 1,52,073.08",,,
27-12-2024,,"252.00 1,52,101.08",,,
27-12-2024,,"6,000.00 1,53,173.08",,,
27-12-2024,,"45.00 1,47,223.08",,,
27-12-2024,BANK/436250369510/ICI744a0a470bfd4d51b382f01,"50.00 1,47,173.08",,,
28-01-2025,,"60.00 1,00,671.89",,,
28-01-2025,,"765.00 1,01,436.89",,,
28-01-2025,,"35.00 1,00,135.89",,,
28-01-2025,,"1,105.00 1,02,541.89",,,
28-01-2025,,"55.00 1,02,486.89",,,
28-01-2025,,"2,000.00 1,00,391.89",,,
28-01-2025,,"272.00 1,00,731.89",,,
28-01-2025,,"161.00 1,00,170.89",,,
28-01-2025,,"60.00 1,00,331.89",,,
28-01-2025,,"95.00 1,02,391.89",,,
28-02-2025,BANKING,"18,000.00 1,00,827.98",,,
28-02-2025,LIMITE/542506292955/ICIdb5001294d7446d28130a,"80.00 1,00,747.98",,,
28-02-2025,,"100.00 1,00,537.98",,,
28-02-2025,,"110.00 1,00,637.98",,,
28-02-2025,,"150.00 1,00,387.98",,,
28-03-2025,,"320.00 39,601.01",,,
28-05-2024,,"870.00 91,507.16",,,
28-05-2024,,"2,000.00 90,657.16",,,
28-05-2024,,"242.14 91,835.02",,,
28-05-2024,,"10,265.00 92,657.16",,,
28-05-2024,,"870.00 92,377.16",,,
28-05-2024,,"3,856.00 1,02,922.16",,,
28-05-2024,,"20.00 90,637.16",,,
28-05-2024,,"300.00 92,077.16",,,
28-06-2024,,"140.00 55,155.56",,,
28-06-2024,,"83.00 55,295.56",,,
28-06-2024,,"40.00 55,378.56",,,
28-06-2024,,"40.00 55,418.56",,,
28-07-2024,,"27.00 26,468.87",,,
28-07-2024,,"500.00 25,938.87",,,
28-07-2024,,"30.00 26,438.87",,,
28-07-2024,,"292.00 30,870.87",,,
28-07-2024,,"130.00 26,495.87",,,
28-07-2024,,"25.00 30,845.87",,,
28-07-2024,,"5.00 30,840.87",,,
28-07-2024,,"4,100.00 26,625.87",,,
28-07-2024,,"100.00 30,725.87",,,
28-07-2024,,"15.00 30,825.87",,,
28-08-2024,,"500.00 56,145.68",,,
28-08-2024,CARD,"2.00 56,143.68",,,
28-08-2024,,"449.14 55,694.54",,,
28-09-2024,,"2,849.00 21,986.24",,,
28-10-2024,,"55.00 68,304.02",,,
28-10-2024,,"25.00 68,249.02",,,
28-10-2024,,"30.00 68,274.02",,,
28-11-2024,,"4,590.00 72,575.18",,,
28-11-2024,,"3,589.05 67,985.18",,,
28-11-2024,,"1,859.05 71,574.23",,,
28-11-2024,,"5,000.00 77,575.18",,,
28-12-2024,,"210.00 1,51,513.08",,,
28-12-2024,,"350.00 1,51,723.08",,,
29-01-2025,,"490.00 99,645.89",,,
29-01-2025,,"116.00 99,529.89",,,
29-01-2025,,"150.00 99,379.89",,,
29-01-2025,,"1,490.00 97,889.89",,,
29-03-2025,,"740.00 40,341.01",,,
29-03-2025,,"320.00 40,021.01",,,
29-03-2025,,"510.00 39,281.01",,,
29-03-2025,,"55.00 43,684.01",,,
29-03-2025,,"329.00 43,774.01",,,
29-03-2025,,"6,000.00 44,103.01",,,
29-03-2025,,"50.00 38,103.01",,,
29-03-2025,BANK/545480848341/ICI8f6d67cd800745518b2b721,"1,128.00 38,153.01",,,
29-03-2025,,"230.00 39,791.01",,,
29-03-2025,,"35.00 43,739.01",,,
29-04-2024,,"1,688.00 2,53,122.71",,,
29-04-2024,,"650.00 2,54,810.71",,,
29-05-2024,,"600.00 91,235.02",,,
29-06-2024,,"4,960.00 50,195.56",,,
29-06-2024,,"147.00 50,048.56",,,
29-06-2024,,"60.00 49,988.56",,,
29-06-2024,,"140.00 49,848.56",,,
29-06-2024,,"60.00 49,788.56",,,
29-06-2024,,"100.00 49,688.56",,,
29-06-2024,,"55.00 49,633.56",,,
29-06-2024,,"499.00 49,134.56",,,
29-07-2024,,"950.00 11,318.87",,,
29-07-2024,,"5,000.00 10,368.87",,,
29-07-2024,,"20,000.00 5,368.87",,,
29-07-2024,,"570.00 25,368.87",,,
29-08-2024,Ban/460852040085/ICIac39f6fddd5c449db300592d6,"270.00 55,424.54",,,
29-10-2024,,"20,000.00 1,12,622.02",,,
29-10-2024,,"20,000.00 92,622.02",,,
29-10-2024,,"500.00 72,622.02",,,
29-10-2024,,"127.00 73,122.02",,,
29-10-2024,,"5,000.00 73,249.02",,,
29-11-2024,,"900.00 75,517.77",,,
29-11-2024,,"1,157.41 76,417.77",,,
29-11-2024,,"4,500.00 79,907.77",,,
29-11-2024,,"110.00 75,407.77",,,
29-11-2024,,"1,770.36 81,678.13",,,
29-11-2024,,"50.00 81,628.13",,,
29-12-2024,,"485.00 1,48,805.88",,,
29-12-2024,,"20.00 1,49,290.88",,,
29-12-2024,,"517.20 1,49,310.88",,,
29-12-2024,,"50.00 1,48,755.88",,,
29-12-2024,,"1,685.00 1,49,828.08",,,
30-01-2025,,"5.00 97,177.89",,,
30-01-2025,,"67.00 97,202.89",,,
30-01-2025,,"620.00 97,269.89",,,
30-01-2025,,"620.00 96,649.89",,,
30-01-2025,,"20.00 97,182.89",,,
30-03-2024,218601511117:Int.Pd:30-03-2024,to 29-06-2024,,,
30-03-2025,,7.00 0.00,,,
30-03-2025,,"110.00 43,574.01",,,
30-04-2024,,"65.00 2,52,977.71",,,
30-04-2024,,"80.00 2,53,042.71",,,
30-04-2024,,"50.00 2,52,508.71",,,
30-04-2024,,"419.00 2,52,558.71",,,
30-05-2024,,"130.00 91,105.02",,,
30-05-2024,,"631.00 90,474.02",,,
30-06-2024,,"315.00 48,088.96",,,
30-06-2024,,"1,063.00 50,197.56",,,
30-06-2024,,"95.00 47,993.96",,,
30-06-2024,,"20.00 47,973.96",,,
30-06-2024,218601511117:Int.Pd:30-06-2024,to 29-09-2024,,,
30-06-2024,,"1,793.60 48,403.96",,,
30-07-2024,,"10,000.00 11,268.87",,,
30-07-2024,,"50.00 11,268.87",,,
30-07-2024,,"10,000.00 21,268.87",,,
30-07-2024,,"250.00 10,858.87",,,
30-07-2024,,"160.00 11,108.87",,,
30-07-2024,,"451.00 10,357.87",,,
30-07-2024,,"50.00 10,808.87",,,
30-08-2024,,"292.00 68,462.54",,,
30-08-2024,,"17,000.00 72,424.54",,,
30-08-2024,,"15.00 72,409.54",,,
30-08-2024,,"150.00 68,754.54",,,
30-08-2024,,"3,437.00 68,904.54",,,
30-08-2024,,"30.00 72,341.54",,,
30-08-2024,,"38.00 72,371.54",,,
30-09-2024,,"10,899.36 11,359.88",,,
30-09-2024,218601511117:Int.Pd:30-09-2024,to 30-12-2024,,,
30-09-2024,,"273.00 22,259.24",,,
30-09-2024,,"1,778.00 0.00",,,
30-10-2024,,"150.00 1,12,402.02",,,
30-10-2024,,"70.00 1,12,552.02",,,
30-11-2024,,"591.00 85,267.13",,,
30-11-2024,,"130.00 85,858.13",,,
30-11-2024,,"4,500.00 85,988.13",,,
30-11-2024,,"140.00 81,488.13",,,
30-11-2024,,"120.00 85,147.13",,,
30-12-2024,,"60.00 1,48,695.88",,,
31-01-2025,,"1,103.00 95,774.89",,,
31-01-2025,,"40.00 95,734.89",,,
31-01-2025,,"300.00 96,877.89",,,
31-03-2025,BANKING,"22,000.00 65,490.01",,,
31-03-2025,,"120.00 54,364.70",,,
31-03-2025,,"2,500.00 62,990.01",,,
31-03-2025,,"7,387.71 55,602.30",,,
31-03-2025,,"528.00 55,074.30",,,
31-03-2025,,"30.00 55,044.30",,,
31-03-2025,,"70.00 54,974.30",,,
31-03-2025,,"210.00 54,764.30",,,
31-03-2025,,"279.60 54,484.70",,,
31-03-2025,,"39.00 43,490.01",,,
31-03-2025,,130.00 0.00,,,
31-03-2025,,"45.00 43,529.01",,,
31-05-2024,,"32.00 90,442.02",,,
31-05-2024,,"18.00 90,424.02",,,
31-05-2024,,"110.00 90,314.02",,,
31-05-2024,,"2,158.00 88,156.02",,,
31-05-2024,,"60.00 88,096.02",,,
31-05-2024,ATMS,"3,000.00 85,096.02",,,
31-05-2024,,"197.00 84,899.02",,,
31-07-2024,,"75.00 10,232.87",,,
31-07-2024,CARD,"278.00 9,954.87",,,
31-07-2024,,"20.00 10,337.87",,,
31-07-2024,,"30.00 10,307.87",,,
31-08-2024,,"960.00 88,340.54",,,
31-08-2024,,"5,400.00 63,062.54",,,
31-08-2024,,"500.00 62,562.54",,,
31-08-2024,,"500.00 62,062.54",,,
31-08-2024,,"27,238.00 89,300.54",,,
31-12-2024,,"581.00 1,21,258.88",,,
31-12-2024,,"14,990.00 1,21,839.88",,,
31-12-2024,218601511117:Int.Pd:31-12-2024,to 28-03-2025,,,
31-12-2024,,"634.00 1,49,329.88",,,
31-12-2024,,"220.00 1,20,828.88",,,
31-12-2024,,"12,500.00 1,36,829.88",,,
31-12-2024,,"210.00 1,21,048.88",,,
